이름,경도,위도
마마슈,127.4852197,36.67052226
카페8에이트,127.4644698,36.63154115
쉼표,127.4559177,36.65449889
빽다방청주율량주성점,127.4990829,36.66585122
칼리아,127.4824031,36.66552346
라토커피,127.4838146,36.63010346
카페;드마인,127.5193305,36.62946733
블루리프,127.4535348,36.63339455
커피마마퀸,127.4532592,36.73701562
카미나르332,127.4413702,36.60009832
카페가비스트,127.4796952,36.60945718
허브삼촌&카페,127.5089952,36.61685107
아토,127.4562268,36.74091512
카페466,127.5051407,36.58974338
드리머즈,127.4951416,36.64427672
빽다방청대,127.4883308,36.65125252
예그리나,127.5470375,36.65190751
햇비,127.4278791,36.50054415
티카페알케미,127.4882903,36.64129523
아느칸,127.4267314,36.63492636
엠에스커피숍,127.3753054,36.66410684
위,127.4601677,36.63570304
토프레소오송점,127.3297504,36.63074662
카페루멘,127.4856971,36.67351204
카페브라운,127.3835755,36.58370838
토프레소,127.4842831,36.60670819
커피향편의점,127.5062486,36.59000001
파스쿠찌청주용평로점,127.4887998,36.60512178
굿플레이스커피,127.4892028,36.63883141
브릴랑,127.4266184,36.63471951
카페고이,127.4747064,36.64532411
커피밥,127.4356111,36.61737623
솔향갤러리카페,127.5426005,36.6634802
커피앤피플,127.5115947,36.62115635
엔제리너스오송역점,127.3271466,36.62047184
하오인터내셔널,127.5180873,36.62580515
플레버,127.4212659,36.61476045
씨스네티룸,127.4747601,36.64678372
카페쉐어,127.4791059,36.69120072
에버렛,127.4427879,36.61740384
빽다방청주복대,127.440579,36.63192926
잇플레이스720,127.3620306,36.62398451
카페308,127.4114241,36.60332339
군밤카페,127.4325888,36.62865139
빌리웨어하우스,127.5094729,36.62319298
카페인충전커피배달,127.4377138,36.62747021
쏠레이,127.4874344,36.61548138
드립하우스,127.5035775,36.52968908
비닐하우스,127.5036245,36.67447387
우선쿠키당,127.4275542,36.63612192
씨리얼,127.4248617,36.62838182
메이플스토리,127.4938234,36.65324839
카페백비헌,127.4672742,36.60898388
시차,127.4872554,36.63854202
멀티피치,127.4858479,36.6423325
나무와담쟁이,127.5176466,36.62341908
사명선,127.3532799,36.60746593
카페일분,127.5000968,36.63237916
비엠디,127.456394,36.63664572
골목이야기,127.4871806,36.65331179
테이블1101,127.4647636,36.60970559
메가엠지씨커피청주,127.5044991,36.60963411
더머물다,127.4856516,36.66983565
유닛,127.4503631,36.63402836
이달의커피,127.4512331,36.62598698
오땡큐,127.4807282,36.62642132
팍스커피,127.4914472,36.63305495
마론코튼,127.4935187,36.65807067
위드,127.4913889,36.63444293
주드커피,127.4496023,36.62623645
유신,127.4763597,36.64504717
콩쥐다방,127.4863725,36.63150781
팜필리아,127.488581,36.64660168
느린다람,127.5458656,36.71557692
라온,127.5003816,36.69367239
모린,127.4874562,36.64380378
투썸플레이스청주오창중부,127.4383246,36.71351638
씨비엔유스타,127.4548241,36.63018161
에소드립,127.5058859,36.60804223
아리뜰,127.4671059,36.59590908
이오,127.3635577,36.62063665
파스쿠찌청주하나로점,127.5072944,36.60464799
점프,127.4345846,36.62568842
와우카페,127.4864009,36.64846692
메가엠지씨커피청주,127.4893063,36.60744463
미스터브리즈충북오송점,127.3292138,36.63077513
온어스가로수도서관점,127.428842,36.61831093
빽다방청주,127.4335343,36.62579137
36.5<공감>,127.3561775,36.61777531
쩐다방,127.4887799,36.63737332
읍천리382금천,127.5105746,36.62581055
메가엠지씨커피청주,127.4269064,36.64233303
카페인,127.5033151,36.61663189
멸치커피,127.445399,36.61463665
이클로카페,127.4483022,36.61603153
로얄솜사탕카페,127.467808,36.63998068
데이앤데이옥산,127.3648261,36.69520121
카페봉봉,127.5076363,36.61248638
까사베르데,127.5035775,36.52968908
투썸플레이스청주오창2,127.4504462,36.73270095
비씨팔백,127.5116997,36.60997287
687로스팅카페,127.3275579,36.62520167
컵오브커피오송연제리점,127.3259506,36.62583688
달곰,127.3261504,36.63080158
이디야청주운동점,127.517746,36.60653146
하이퍼,127.4884017,36.63769027
달,127.5102159,36.62397378
더국희,127.3206305,36.62078693
오츠,127.4314486,36.62869157
킬리만자로,127.4429681,36.62936119
키만스커피,127.4874168,36.63399967
허씨커피,127.5014119,36.60928668
디어제이,127.4736349,36.66026004
온어스,127.469677,36.64209999
아마스빈청주,127.4898751,36.60725305
트루아,127.4951333,36.64472732
달꽃다방,127.4947819,36.65797532
쿼드커피,127.4572617,36.63211872
리엠,127.4277588,36.71149125
만나꽈페,127.4866031,36.61838642
써니카페,127.4679238,36.59069731
디에떼오송동아점,127.3098376,36.61396685
동네찻집,127.4884081,36.62099232
빽다방청주중앙공원점,127.4898731,36.63343991
카페로뎀,127.382916,36.67179626
카페보스케,127.4747321,36.64951425
비씨팔백,127.4860203,36.62171397
요거프레소아이엠,127.4886215,36.62291986
카페일리터,127.4571812,36.63362392
해피도리스,127.5024301,36.61461709
카페온유,127.5119386,36.56154486
여기오송,127.3269333,36.6096678
화진다실,127.4917221,36.63409012
아르떼,127.4370805,36.63806983
다나우토바,127.4528366,36.62489954
숨블리에,127.4408472,36.61621253
토프레소,127.4247007,36.62959892
돌다리에하냥,127.3237946,36.62624827
가미향;가미,127.3737243,36.61931658
더대청호,127.4993175,36.51142276
오슬로,127.4878187,36.62502278
아르떼,127.4889548,36.67211999
하그트,127.5058008,36.76928893
이디야커피,127.5094674,36.61726357
언벌스데이,127.4583015,36.64344192
테크네클럽리포트,127.4750586,36.64439454
이디야방서점,127.5034519,36.59813107
더리플,127.4843774,36.6039143
페이스커피,127.4648892,36.63249471
쥬시후레쉬,127.4817416,36.62218191
시간과공간,127.5364024,36.72286489
더제이브로,127.5067125,36.59257528
목간,127.4875356,36.63865802
라이튼커피,127.4615932,36.63475134
미미곳간,127.4499366,36.62990279
카페목,127.466193,36.58533332
카페인중독청주점,127.429312,36.62645547
어니스트,127.4933145,36.65762997
설빙오송점,127.3296377,36.63053967
초연하다,127.4646719,36.63539719
M카페,127.5097588,36.65981354
아임일리터금천,127.5044185,36.63157696
플로리안제이,127.4349947,36.62306463
에브리앙,127.3539413,36.60544542
커피;오늘,127.4558887,36.73865462
달콤브레드,127.5108087,36.6240163
그라찌에서원대학교점,127.4821229,36.62597413
파인,127.5465683,36.65356773
에소드립,127.6053416,36.64246107
합정다방,127.4875089,36.63618904
달다,127.4650417,36.73031093
사색말차,127.4643785,36.63495678
태그원,127.4878712,36.63868368
로빈,127.4951416,36.64427672
동부창고카페C,127.4913151,36.65451133
나래상사,127.4377238,36.63516583
투썸플레이스청주메가폴리스점,127.4322641,36.62656195
빽다방청주성안,127.4894974,36.63591055
카페파스쿠찌,127.4945649,36.64502705
카페봄날,127.5035935,36.58723576
이디야커피가경,127.4429823,36.61620462
아퓨저카페,127.4235115,36.71865231
설빙,127.4275732,36.64157369
엔트라포레,127.47918,36.56952093
레스팅플레이스,127.3308745,36.62171413
토굽스커피,127.4785607,36.63567563
와이시그니처카페,127.4571525,36.63445306
매일매일봄날,127.4953373,36.60846502
카페소모스,127.4276486,36.70776101
빽다방청주금천,127.5057344,36.63104873
카페어메이징,127.4917717,36.65771745
이음카페,127.4862006,36.65753306
포레시안,127.5464919,36.65382941
내옆에너,127.3251721,36.62412685
연두커피,127.4719382,36.65348129
더브라이트모닝,127.4945617,36.65327236
온몸문화공간,127.4795398,36.65113504
할리스커피오송점,127.327191,36.62305798
스마일커피,127.4925202,36.61191001
향기나무커피,127.4956659,36.51824164
카페메르시,127.4898891,36.63243959
주,127.487538,36.65145401
해오름달열사흘,127.5202692,36.61942466
카페베네,127.4571275,36.65103392
할리스커피,127.4534974,36.63273686
워키토키,127.4314949,36.62296021
퀼트카페브릭,127.4367577,36.69968094
카페디온,127.4855423,36.63640433
알오,127.3659822,36.69359366
캠토랑커피올레,127.4970283,36.62464229
카페노빌따,127.4714369,36.618934
엉클커피,127.4354083,36.63697658
투썸플레이스산업단지점,127.4356095,36.64490578
커피사진관,127.4574422,36.63428074
햄스커피햄'scoffee,127.4647584,36.63491025
투썸플레이스,127.4587864,36.64977498
미스미스터커피,127.4703533,36.65769582
드로잉카페,127.4678033,36.64660399
세양엔지니어링,127.5107214,36.60569669
에이앤엠푸드,127.4328191,36.62585705
라피니,127.4860729,36.61228793
빈센트마퀴스,127.4452144,36.60780674
행복의나라로,127.4705048,36.65501888
커피둥둥,127.4355525,36.62683833
투데이커피,127.4335144,36.62224999
카페오라,127.4558878,36.64372152
투썸플레이스충북대,127.4597643,36.63367705
스위트빈,127.493525,36.67131717
카페코이,127.4669564,36.61189578
그리다,127.4855444,36.61000121
헬로우커피,127.4691268,36.61404997
커피하우지,127.4527962,36.62372822
유노,127.4629852,36.63381777
캔버스,127.6544031,36.63648856
로티맘,127.4715838,36.61185052
52라쁠라스,127.4297385,36.62475079
인더치,127.4403141,36.63449846
오래된음악,127.4770223,36.65093789
백비헌,127.4672742,36.60898388
에틱다락방,127.4955513,36.63666049
그래동,127.4682877,36.630571
달콤커피청주,127.4963991,36.6712061
카페아띠,127.3282821,36.63515722
어거스트나인,127.4225271,36.63079615
커피줌,127.4750625,36.64685461
또바기,127.5988806,36.72211638
모스아워,127.4870692,36.63739835
각설탕,127.3746054,36.66507325
커피·스토리,127.503143,36.6142266
아치오,127.4326931,36.6093127
하늘정원북카페,127.497164,36.62836339
커피로드,127.427864,36.71431138
다다오,127.4973957,36.5163961
성익,127.4338954,36.6243933
우민카페,127.4890601,36.64456317
레이어커피,127.4933983,36.64094978
주드커피,127.4473131,36.62477623
주성북카페,127.4466344,36.73563493
가배시광,127.5233689,36.70909981
드림펙토리,127.4774534,36.66823776
비에이치,127.4277588,36.71149125
세렌디피티,127.4931342,36.6486465
파스쿠찌,127.5038613,36.60952867
곰아저씨카페,127.4937874,36.65111287
커피모이라,127.5193402,36.62924201
코모스타,127.4875204,36.65221103
토프레소중흥로점,127.5129232,36.61919518
언니의정원,127.4915757,36.67087467
아비앙또,127.4944129,36.64574858
위크커피,127.4261339,36.62591719
베로,127.4952326,36.65848709
메이49-10,127.3554181,36.6081985
큐브,127.4661136,36.59814778
어번브라운,127.4884682,36.63583367
티케,127.5155193,36.6246268
에스뜨레,127.4991337,36.62693137
뿌리깊은카페,127.4906916,36.66552564
이성근커피,127.489863,36.6389098
커피올림#,127.4884288,36.63312143
체리쉬,127.482515,36.67091172
비앤씨,127.4956846,36.62430546
마하나임,127.420579,36.69814421
하루,127.4899629,36.63525982
풀문3,127.4212809,36.61957245
투썸플레이스청주,127.4954799,36.67089453
95번지카페,127.4864448,36.61809871
와일드플로어,127.4489431,36.61667793
카페루앤비,127.4500724,36.73196345
100커피로스팅공장,127.4282953,36.59828067
라라로시,127.4945902,36.66471653
코너피크성화점,127.4476232,36.61652069
어번브라운,127.4690714,36.63443377
아모르데이,127.4566953,36.57398872
도란,127.3560169,36.61687465
빽다방청주,127.4459467,36.62045591
커피먹고사주보고,127.5175298,36.62601483
띠아모3.10,127.4989675,36.61502814
테라스,127.4838154,36.66777955
주와,127.4978298,36.61715055
토프레소오창,127.4290303,36.71472169
카페리포소,127.4989439,36.65818324
로그아웃,127.4393284,36.63223125
새미림다실,127.4896717,36.63872135
가니쉬커피바,127.4546161,36.63284074
메가엠지씨커피,127.4595293,36.63365093
용주레인디어커피,127.4213521,36.616229
카페사운드벙커,127.4852585,36.63571162
백양카페,127.447165,36.63009345
커피트레이더스,127.4948197,36.64465653
메가엠지씨커피충북,127.4277195,36.71248262
15도,127.4468462,36.6290944
협동조합행복카페,127.4902059,36.6506771
장아찌카페,127.4829855,36.60295573
와유카페,127.4945873,36.61179331
메가엠지씨커피,127.5039763,36.63062363
데이드,127.4935133,36.65021289
담소빙스,127.4748536,36.66200337
메가엠지씨커피청주,127.4733124,36.61670077
한지공방카페,127.4884679,36.6180634
카페오늘오송생명점,127.335538,36.64274256
한국케트,127.4237051,36.51086821
70번길카페,127.4985507,36.63189002
그리너리,127.471499,36.66949602
서가랑,127.5516658,36.65010194
앗녕;초콜릿,127.4695203,36.61258859
낮달커피동남지구점,127.5164221,36.61750397
밀썸,127.4106415,36.71067744
버터패티베이커리,127.5028067,36.62097748
이디야커피청주무심천점,127.4995293,36.60507729
테이큰커피청주대,127.4940983,36.65076015
언더니스,127.5142405,36.62396549
꽃차카페고은,127.3105288,36.63021253
홍스구락부,127.4888639,36.63475069
저곡정미소카페,127.5940257,36.70945305
단미청,127.486957,36.60888705
일일일락,127.611074,36.59378905
다올재갤러리,127.4939284,36.64341667
바빈스커피청주상당점,127.5020308,36.61682654
투썸플레이스가경파크점,127.4323992,36.61873062
수다퐁당,127.3748668,36.66362161
크렘드쥬쥬베,127.4908163,36.64464606
리비에라메종청주,127.4862519,36.60518627
핸즈커피청주,127.5102562,36.66400163
하우트커피컴퍼니,127.5421055,36.72204607
사사이곤팩토리,127.4989946,36.66777098
빽다방청주오송점,127.3303085,36.63053781
법인청주농업살림,127.5035935,36.58723576
카페이씀,127.4267597,36.6177597
쥬시후레쉬,127.493762,36.65063538
이디야커피오창과학단지점,127.4277588,36.71149125
꽃차다커피다,127.4975729,36.51790929
할리스명암레이크,127.5110945,36.63852323
에그바른,127.5058854,36.63191317
바리스타진,127.4347292,36.63750172
김칠복커피,127.3267264,36.63216973
초코루나,127.5169223,36.65891758
문의에서,127.497368,36.51554914
로지니스,127.5070376,36.66101463
양지리그곳,127.4426695,36.74120061
그로우빈,127.439834,36.61101674
달달한단지,127.4772878,36.64865698
클로리스청주,127.4278289,36.64333898
콜온미,127.4329121,36.62849703
팅커커피,127.4310626,36.64368778
다락방의불빛,127.4955513,36.63666049
빙봉커피,127.4630896,36.63443915
이사프커피스탠드,127.4872673,36.63866813
카페벨보스코,127.5625243,36.69614342
투썸플레이스모충로점,127.4700274,36.62613961
소소하네,127.5004879,36.6651785
이디야커피청주여고점,127.491577,36.66932473
씨스타1407,127.4855686,36.60850523
네츄럴팍,127.3281106,36.62637163
선다실,127.4863601,36.63130962
카페목간,127.4875356,36.63865802
디저트39한국교원대점,127.3559404,36.61727138
브루업커피,127.4668287,36.64075949
에이디뮤직엔터테이먼트,127.4621208,36.64446346
설탕수다,127.4459073,36.61167903
쎄븐씨드,127.4318338,36.58348025
메가엠지씨커피청주옥산,127.3891038,36.6765702
쎄주드베베,127.4550251,36.61871845
어테일,127.423109,36.61042848
카페뮤렌,127.448068,36.664396
그리다꿈오창,127.4277195,36.71248262
유다락,127.5015665,36.62797547
츄로빌스,127.4847191,36.62279162
메가엠지씨커피청주동남지구점,127.5177614,36.61719177
커피베이청주북부터미널,127.4273016,36.71179026
이디야커피청주가로수,127.4321644,36.62272348
게리어,127.4811521,36.65144393
칠리노무인카페청주,127.319467,36.6232862
이디야커피상당로점,127.4904621,36.63816841
푼크툼커피로스터스,127.4726114,36.61723522
모제르,127.4364083,36.63188153
숙카페,127.4410959,36.71078476
방앝간,127.4911678,36.65773796
커슐랭영동점,127.4866554,36.63737301
바바라코코오리지널,127.5006231,36.67223372
모짜르트하우스,127.500015,36.51745751
콥프키노,127.4148743,36.61729704
대장간이야기,127.5114709,36.54820099
달시쓰,127.473227,36.630164
메릴본케이크,127.4880438,36.63768272
프라빈커피오창과학단지점,127.4228103,36.70712949
인피오레,127.4857772,36.60612539
아이커피유24모충점,127.4804107,36.6292972
카페별담청주흥덕시니어클럽,127.4421464,36.6342664
파스쿠찌청주엘지로DT점,127.4352085,36.659091
블루포스트맨로스터스,127.5113666,36.62216659
프롬버터,127.4901348,36.64121557
카페프리헷청주가마점,127.4698302,36.5991785
플넛,127.5042955,36.61441096
오지즈,127.3421539,36.63676726
더리터남문로점,127.4904968,36.63304986
갤러리카페백십일,127.4779342,36.5903512
슬러핑,127.434588,36.62828366
카페정다운샌드위치,127.4593592,36.63512944
컴포즈커피청주성안길점,127.4892352,36.63510962
제이델링청주점,127.487878,36.63798077
빽다방서원대점,127.482482,36.62259344
비피무인카페,127.4873819,36.60358665
그리프커피,127.486153,36.63394176
카페로코앤라뷰,127.5629842,36.60873235
차케바라커피혁명,127.4839873,36.6577223
더리틀즈청주점,127.4788152,36.66957497
쉬즈베이글사창점,127.4629222,36.63075418
패스트카페오창낭만점,127.4536665,36.73773496
천천히공방카페,127.5025085,36.63359455
카페디작,127.4771878,36.66868939
카페45st,127.5000687,36.62802683
크레이저커피운동동점,127.5139182,36.60067265
아쥴,127.6574103,36.63774258
복사꽃피는집청주점,127.5107294,36.66451324
타타스베이글청주,127.4669029,36.61229249
메가엠지씨커피청주여고점,127.4882276,36.66857255
연구단지111번,127.4337244,36.72347256
로그로우,127.4301953,36.62043272
카미나르137,127.4958992,36.67697536
어웨이브커피로스터스,127.4447019,36.61198992
점선에스프레소바,127.4292743,36.62571668
달다람쥐의또르뜨,127.4953675,36.66558739
그로우빈,127.439834,36.61101674
해적카페&와플그래서원대점,127.4815197,36.62246216
정스다방,127.5031939,36.62378737
운리단선셋,127.4759376,36.64549942
진크30,127.4922237,36.63912535
세인트브릭스,127.465618,36.63653793
포레스트커피앤갤러리,127.4480766,36.61180606
몽글로바,127.3188328,36.62132342
프레쉬톡,127.4610873,36.64179111
베러먼데이청주가로수,127.4285465,36.62146596
퀸스플라워카페,127.434111,36.61899473
바바르디,127.4969801,36.67108653
쉐르엘제이,127.4755776,36.64514942
멜팅타임,127.4953675,36.66558739
투썸플레이스청주방서메디컬,127.5046484,36.59822514
카페량청주,127.4161024,36.71052331
파스쿠찌청주테크노폴리스,127.4522905,36.66534425
블루체어라운지,127.4586003,36.60139398
바바르디,127.4530695,36.73713349
코코넛트리브런치카페,127.4236493,36.62746699
메가엠지씨커피청주모충점,127.4830511,36.62780867
카페에빅,127.423773,36.60718203
카페코지웨어하우스,127.4360387,36.69919697
앤스에비뉴,127.4356424,36.7241504
소노손손,127.4921851,36.61898528
달콤한힐링,127.4414891,36.6268345
오리덕후밥카페,127.3660214,36.73489189
빽다방청주강서점,127.4289578,36.62508703
봉명동내커피오송점,127.3216955,36.62151398
메가엠지씨커피청주가경,127.4289835,36.61762556
뚭,127.4994807,36.68067301
바이세로스터스,127.4655954,36.6439453
아드리비툼,127.5226259,36.61082658
에임즈커피로스터스,127.4564101,36.63368995
포라트카페,127.4584037,36.65690436
주니스커피,127.4835652,36.63314127
이디야커피서원대점,127.4809596,36.62226617
빽다방청주방서점,127.5009901,36.60110618
아덴블랑제리청주,127.5207419,36.61489893
마음무늬,127.4759376,36.64549942
위티프렌즈,127.4874181,36.63953259
고망고청주,127.4969616,36.67169036
개프탑라운지,127.4952808,36.64331193
인어빗,127.4877862,36.64824499
히게당,127.4748557,36.64596331
이디아성화중앙지점,127.4494605,36.61721666
김준호의대단한커피청주효촌점,127.5082496,36.58670235
프랭크커핀바청주모충점,127.4815489,36.62894117
오별커피,127.4413793,36.63111528
썬셋510,127.3537289,36.61766546
카페푸르댕댕,127.4075764,36.58999978
정스토어,127.484433,36.61816097
소왓커피,127.4897071,36.63547714
아덴블랑제리청주,127.496953,36.6720959
투썸플레이스청주주성점,127.4998083,36.67424664
비토커피로스터스,127.4904192,36.64022316
쿼드커피복대어울림점,127.4351874,36.63943747
로로디,127.4865831,36.6383285
디저트39율량주성점,127.4990433,36.67012271
테이큰카페충북대,127.4571145,36.63179488
우암산다방,127.4939184,36.63660419
쿼드커피청주주성점,127.4975499,36.67097601
성북동커피앤디저트,127.4237016,36.63907337
카페제이브,127.4320262,36.62800462
콤피플레이스,127.4696545,36.61259707
바나타이거청주성화점,127.4555916,36.61811253
컴포즈커피청주세중,127.4371057,36.64252132
란테Lante,127.4600601,36.45925974
안녕;봄날커피,127.5097455,36.61705512
카페추학리361,127.5463614,36.76817242
오늘이시간지금,127.4767703,36.63544852
트리플에이청주오송점,127.3177288,36.61927178
서서희,127.4257956,36.62539574
페로어페로청주점,127.490272,36.60462011
카페_돌피,127.4684014,36.6087001
투썸플레이스청주대,127.4893257,36.64941915
빽다방청주율량9단지점,127.5105645,36.65986415
초분시,127.4219114,36.64091803
카페코지오송점,127.3287581,36.63140719
에낭청주점,127.4904594,36.63421247
카페오71,127.4913669,36.65738571
이디야커피청주강내점,127.3640168,36.62317645
고더커피청주오창,127.4286871,36.71137077
노커피노라이프,127.4914646,36.64108393
레알커피,127.469841,36.60280102
덜싯커피,127.4655079,36.63869206
더벤티청주동남지구점,127.5188372,36.6159165
루프독바베큐,127.4881753,36.6248411
메가엠지씨커피청주용암2동점,127.5083968,36.60742779
디그니티커피웍스,127.4842762,36.65205305
커피에반하다오창양청점,127.4352295,36.72436818
준카페JunCafe,127.4267198,36.64296449
화이트아웃인투더그린,127.4852661,36.67079241
커피봇청주모충점,127.4726213,36.6261744
베를랭고,127.4887309,36.65793723
쿼드커피청주성화점,127.4513918,36.61486641
나이스업커피,127.4767222,36.60949615
브리드커피한국교원대점,127.3573289,36.60566059
카페하늘사다리,127.4626705,36.63915368
이디야커피충북오송점,127.3302071,36.63034885
컴포즈커피서원대점,127.4817416,36.62218191
파스쿠찌서청주DT점,127.4229211,36.63947264
이디야커피오창2산업단지점,127.4510847,36.73277062
슬로우베로,127.5093375,36.60940626
카페스테이인터뷰르투어,127.5105119,36.64343687
해호미,127.4816595,36.63594249
밀크브로,127.4142419,36.71212478
커피쿡청주내덕점,127.4814925,36.65582203
메가후르츠청주,127.4646569,36.61055307
모허커피하우스,127.4558239,36.6480652
커피연,127.5011072,36.61402791
파스쿠찌청주서원대점,127.485208,36.62232104
와플대학충북오창캠퍼스,127.4277588,36.71149125
커피에꽃이다,127.5069582,36.66084376
투썸플레이스청주율량좋은점,127.4980555,36.66438669
리터킹청주점,127.4609928,36.63157267
91플랜우암점,127.4836936,36.65547068
카페콩가온숲,127.4903657,36.64235905
플린더스,127.4223633,36.71747592
카페;후이,127.4366147,36.62486097
마일드내스,127.4769222,36.6092971
디그니티커피쇼룸,127.4850998,36.67103639
제이슨빵집,127.4276883,36.64014949
세이브더데이트,127.5176165,36.60554979
차콩,127.4905402,36.62931901
카페파숑,127.4905923,36.6445839
돌체푸르토,127.4298159,36.638682
마일로에스프레소바,127.4738007,36.64350744
땡큐베리머치성안길점,127.4885296,36.6366985
여기에;봄,127.4763837,36.63622503
감성커피청주테크노지웰점,127.4567972,36.67084193
앤아버터,127.4685503,36.63330941
오치브,127.5090184,36.69004032
둥둥디저트공방,127.4214034,36.7159294
수니네과자점,127.5170042,36.60590389
크랍치케이크,127.4285181,36.63452345
카페;펄팜,127.4999954,36.63225343
알니스커피,127.4872394,36.65731255
레이로스팅팩토리,127.4271482,36.63549258
커피홀용정점,127.5167141,36.62943365
빽다방청주방서호반,127.5077782,36.60172626
나의특별한디저트,127.475853,36.64448149
드론카페팝드론존,127.4768431,36.66721293
사주카페초이스,127.4876854,36.65000259
뵈르뵈르하우스,127.4218714,36.64997452
노기로스터스,127.4907385,36.66057828
컴포즈커피청주오송점,127.3280438,36.63169752
메가엠지씨커피청주풍광초점,127.4372931,36.62820168
미르빈카페,127.4144052,36.70918656
읍천리382청주오송점,127.3178396,36.6217406
로우업커피오송,127.3163071,36.62151939
파지티브노트,127.4603449,36.63354865
플러스82청주강서점,127.4280335,36.62372063
프리랜스커피클럽,127.4872673,36.63866813
부부곳간,127.4257232,36.62645033
큰큰커피청주,127.4320262,36.62800462
포트캔커피청주오송점,127.3181076,36.61894636
일루미다방,127.4962566,36.61936489
컴포즈커피오창1산업단지점,127.4293683,36.70706997
쿼드커피율량현대점,127.4822794,36.6690023
유엔에이치커피랩,127.4497637,36.62901133
요앤디,127.4584727,36.63458316
그래시힐,127.4352726,36.56308396
굴다리다방H.I.P,127.472993,36.65589213
오티디베이크샵,127.3174471,36.62143526
컴포즈커피청주강서점,127.4297385,36.62475079
하티제과,127.4403339,36.63208336
배달카페의정점,127.4306754,36.6303885
미들슬로우현대백화점,127.4265514,36.64486647
우아가든카페,127.4686486,36.61076272
원카페사주엔타로,127.4215499,36.7161001
투썸플레이스청주오송생명과학단지점,127.3296178,36.63111645
요커충북,127.4286136,36.71225413
에이피피에이사운즈,127.4606071,36.63626905
티인레드,127.5002763,36.63074736
꽃과노닐다,127.4721498,36.61668736
파티스리백오,127.4655142,36.60998201
투썸플레이스청주성화점,127.4478288,36.61728588
달콤달콤모모랑,127.4499366,36.62990279
할리스청주내수DI점,127.5124665,36.68695271
던킨청주동남지구점,127.5186488,36.61616063
우지커피청주성안길점,127.4903965,36.63487055
헤리위드,127.4728022,36.64297974
카페빈정,127.4407872,36.60762495
빽다방청주내수점,127.5366862,36.72343131
파란만잔청주성화점,127.4460663,36.6179323
투썸플레이스청주내수점,127.5301896,36.71957663
쿼드커피청주오송점,127.3320626,36.63024457
요거트퍼플동남지구점,127.5157515,36.61417269
플로로케이크,127.4656668,36.65766017
맘스케익성화점,127.4475812,36.61698944
커피하우스큐,127.4895241,36.64013673
카페소우버,127.4275704,36.63094937
붕어가커피를만나다,127.4832308,36.62255436
베어윙커피,127.5063441,36.60289482
라떼뚜,127.4877,36.65409365
7000RPM카페,127.4114241,36.60332339
나율커피,127.414861,36.63567117
오송모먼트,127.3275415,36.63189715
괴다,127.4840356,36.64577318
굿.에이블,127.5120181,36.6496662
리터킹청주점,127.4609928,36.63157267
더블스탑에스프레소바,127.4429448,36.61747535
홍자다방,127.4581214,36.65833824
댕청댕청,127.4759799,36.67599332
퀄리티커피청주,127.4300779,36.62546146
프란체스카타로카페,127.4834972,36.62762664
카페에바나나과일바구니오창,127.4202775,36.71677142
지음이JIEUM:2,127.4306999,36.62271978
쿼드커피복대가경,127.4411678,36.62930479
스티즈커피북문로점,127.4892028,36.63883141
하설당커피,127.4435067,36.62774617
책과책사이책갈피,127.431133,36.6262146
카라멜고유,127.4744849,36.61101898
꾸몽갤러리카페,127.5122679,36.57081615
희미한첫사랑,127.5016043,36.63380562
카페공삼,127.4579834,36.64070371
델유고,127.4919982,36.66695304
카페그레이스부엌,127.469318,36.61240015
연이네커피,127.4656324,36.64636919
메가엠지씨커피청주내덕점,127.4810338,36.65578784
카페컨테이너플러스,127.4803322,36.66527951
빽다방청주용암현대점,127.504419,36.60933707
하이코비coffee,127.4964975,36.65866205
숲이그린정원,127.4114988,36.75180144
솔인스타,127.5142372,36.6234789
투썸플레이스청주두리이비인후과점,127.4442321,36.60803569
빵근용,127.4647221,36.63072915
공차청주강서점,127.4297385,36.62475079
버터캐스팅,127.4931568,36.63640009
비유니크커피,127.4896221,36.6697473
카페작은틈,127.4881007,36.65556084
인차로555베이커리카페,127.5461765,36.55204813
리베트,127.4254972,36.5323542
이디야금천스타힐스점,127.5015197,36.62420895
카페다올,127.4822094,36.61293442
아성당,127.4854009,36.60850591
정글비,127.4277195,36.71248262
우리쌀빵,127.4215421,36.64086526
골든밀,127.4497758,36.6195494
이디야청주,127.4522119,36.66720987
공생,127.4901095,36.63545747
오창2산단,127.4498605,36.73209041
오송바이오산업단지,127.327209,36.63258292
청주동남,127.516399,36.61571983
커피니청주공항국제선점,127.4959317,36.72209422
커피니청주공항국내선점,127.4959317,36.72209422
청주서문,127.4860053,36.63534812
현대충청,127.4265514,36.64486647
청주서현,127.4286364,36.61751867
더벤티청주,127.4840135,36.61543225
충북대,127.4597102,36.63399266
오창과학단지,127.4232758,36.71649947
청주사직DT,127.4811562,36.63590848
청주용암DT,127.5039041,36.60751896
청주비하DT,127.4221328,36.63844814
청주이마트,127.4746146,36.60117809
청주분평DT,127.4948174,36.60580884
청주지웰시티,127.4251083,36.64274496
충북도청,127.4910636,36.63428207
청주주성,127.4969937,36.67146494
오송파라곤,127.3153947,36.61983669
충북대학교병원,127.4615859,36.62416309
충북청주지역자활센터,127.4857625,36.62338211
투썸플레이스청주산남,127.4709556,36.60597762
수준,127.5106984,36.63780403
청주강서,127.4296191,36.62539103
청주율량DT,127.4929781,36.66625512
청주봉명DT,127.4645389,36.64676995
오창호수공원,127.4277195,36.71248262
청주용담DT,127.5051742,36.63430417
할리스커피청주,127.4269479,36.63160943
커피빈청주지웰시티점,127.4251083,36.64274496
할리스청주산남DT점,127.4699997,36.61606507
이디야커피청주동남,127.5107214,36.60569669
터미널파스쿠찌,127.4316982,36.62532945
메가엠지씨커피청주,127.4892135,36.64406692
폴바셋청주방서DT점,127.5030039,36.60314326
카페산책,127.5117268,36.6309961
컴포즈커피청주율량현대점,127.4819353,36.66943623
콜로니,127.4832122,36.66612393
쿼드커피청주,127.4659409,36.62518244
